filepaths,labels
../datasets/severity_acc\moderate\images_053_jpg.rf.97aea49494bba4a2d75c02eaa5568f05.jpg,moderate
../datasets/severity_acc\no_acc\00170_jpg.rf.8a9b3c63719e02bd2b731b027d17cdf6.jpg,no_acc
../datasets/severity_acc\no_acc\00053_jpg.rf.88940dda436ceec6a52b81879338fbb2.jpg,no_acc
../datasets/severity_acc\no_acc\00012_jpg.rf.9cccc56e27640839cd63297567966596.jpg,no_acc
../datasets/severity_acc\no_acc\59_jpg.rf.c256d4319f90fad3bd85b744295f967c.jpg,no_acc
../datasets/severity_acc\fire\images_274--2-_jpg.rf.ffb08dac23ca376639d03681fe7af367.jpg,fire
../datasets/severity_acc\minor\WhatsApp-Image-2022-02-17-at-10-45-02_jpeg.rf.a4067faf8a76bd8c0c51934cfff0f641.jpg,minor
../datasets/severity_acc\no_acc\17_jpg.rf.42000ccb48494532c260b38f5e4cf9d0.jpg,no_acc
../datasets/severity_acc\no_acc\146_jpg.rf.95a3094cde5b51359a240bf64b4bb4bf.jpg,no_acc
../datasets/severity_acc\no_acc\85_jpg.rf.165a8e929fb027fd79c5fe9c6b2da8d4.jpg,no_acc
../datasets/severity_acc\no_acc\00187_jpg.rf.66d789ae9a2b9ea3854edf0a33e97b7f.jpg,no_acc
../datasets/severity_acc\no_acc\00150_jpg.rf.6b60c10010a7377ab5d233e359fa634b.jpg,no_acc
../datasets/severity_acc\no_acc\00011_jpg.rf.853e7c6f1a4c63f12f079620350fd33d.jpg,no_acc
../datasets/severity_acc\minor\WhatsApp-Image-2022-02-17-at-10-44-27--1-_jpeg.rf.bfc5ba3f8d85b2614698611cc63e108e.jpg,minor
../datasets/severity_acc\no_acc\00192_jpg.rf.73474cba4d30b11fb0a35a7764f0d1dd.jpg,no_acc
../datasets/severity_acc\moderate\images_030--2-_jpg.rf.f407c44e8c939431ee6c87f473ea1567.jpg,moderate
../datasets/severity_acc\no_acc\1_jpg.rf.17808bef3ca8e2e4a167843da0ebdd19.jpg,no_acc
../datasets/severity_acc\fire\images_190_jpg.rf.aedf0fedd4fd3f3c50931cd431757d1c.jpg,fire
../datasets/severity_acc\no_acc\00156_jpg.rf.107bf21fee05c55c4868c45880a2073b.jpg,no_acc
../datasets/severity_acc\no_acc\42_jpg.rf.067b3d836eb8aeb4613dfd7ead16989b.jpg,no_acc
../datasets/severity_acc\severe\images_301_jpg.rf.7c32c54557a654b352d496a347ec60d9.jpg,severe
../datasets/severity_acc\severe\severityV4_22_jpg.rf.d6ee6c3bf95ffcf695c5c9c856b7be77.jpg,severe
../datasets/severity_acc\severe\images_097_jpg.rf.0a566886c7af0a2e1953cf09e032b3b5.jpg,severe
../datasets/severity_acc\severe\images_260_jpg.rf.e07f032d9c7b35e8836694692ae133d7.jpg,severe
../datasets/severity_acc\no_acc\00019_jpg.rf.4fb18e004956ab92c3a737f89f07fb5d.jpg,no_acc
../datasets/severity_acc\no_acc\00103_jpg.rf.662fbede32fef7b2f0ab629bbb748835.jpg,no_acc
../datasets/severity_acc\fire\images_194--2-_jpg.rf.6ccf4ee403f42bb3e9b87b83b8242010.jpg,fire
../datasets/severity_acc\no_acc\20_jpg.rf.c868a1d5c04d49fd733d37a356792d31.jpg,no_acc
../datasets/severity_acc\no_acc\00101_jpg.rf.4712321ec228e1967fb47f44781c9eb7.jpg,no_acc
../datasets/severity_acc\moderate\images_006_jpg.rf.187fb810e71496405a0c8bb57aef9154.jpg,moderate
../datasets/severity_acc\no_acc\00167_jpg.rf.1afda78ec8708dad835cc669620e05af.jpg,no_acc
../datasets/severity_acc\no_acc\00171_jpg.rf.da48b7309c127d44b6ea5145dc7bd444.jpg,no_acc
../datasets/severity_acc\no_acc\15_jpg.rf.4f1b3804175b14ec9b67a724b1dbc538.jpg,no_acc
../datasets/severity_acc\no_acc\155_jpg.rf.24f6fb4ddb592e9ef1e6ca0cccd6bf69.jpg,no_acc
../datasets/severity_acc\moderate\images_067--2-_jpg.rf.5029f1a2a9550c9f7ba315f2ae300a5a.jpg,moderate
../datasets/severity_acc\moderate\images_436--2-_jpg.rf.2c7c3359d69e700528036ac84bb353f2.jpg,moderate
../datasets/severity_acc\no_acc\00029_jpg.rf.bb572a830b48c030add4bc7e4eebe4b3.jpg,no_acc
../datasets/severity_acc\fire\images_332_jpg.rf.81cb8b927b7bc606abbed772ce230d54.jpg,fire
../datasets/severity_acc\no_acc\00054_jpg.rf.2ecf00d5b15aa8637a188d64f61e706d.jpg,no_acc
../datasets/severity_acc\moderate\accidentFrame2171_jpg.rf.c215874ca7db5b681b9081063a7528e8.jpg,moderate
../datasets/severity_acc\no_acc\00137_jpg.rf.9ac5db418acebda826d59ccb0752123f.jpg,no_acc
../datasets/severity_acc\no_acc\00088_jpg.rf.0ffa0983885286e9cc74295da9052f16.jpg,no_acc
../datasets/severity_acc\no_acc\00123_jpg.rf.4c0a1a73bc73c9424a97ec2309ad2f4f.jpg,no_acc
../datasets/severity_acc\minor\WhatsApp-Image-2022-02-17-at-10-45-15_jpeg.rf.d38d60fafcf54d509fb5a181afd9e278.jpg,minor
../datasets/severity_acc\fire\images_220--3-_jpg.rf.da3709dc99edcadc1653a925cb26f5cc.jpg,fire
../datasets/severity_acc\severe\traffic_img58_jpg.rf.c8bbd58841a4802a7d321f728f66a60c.jpg,severe
../datasets/severity_acc\minor\WhatsApp-Image-2022-02-17-at-10-44-24_jpeg.rf.f5aa1ca35373d10489276bbe720b1417.jpg,minor
../datasets/severity_acc\fire\images_182--2-_jpg.rf.d6beac33fa0b0222ed81c2f2f147f4a3.jpg,fire
../datasets/severity_acc\fire\images_233--3-_jpg.rf.f115959636e81b03fbb6f004e58dde70.jpg,fire
../datasets/severity_acc\no_acc\5_jpg.rf.c2ef499272c267411aa8fa6183825ade.jpg,no_acc
../datasets/severity_acc\no_acc\102_jpg.rf.52baad063dd382b5ffc69402de8e61d2.jpg,no_acc
../datasets/severity_acc\no_acc\00036_jpg.rf.a4d342be5f1ec669ef8e19dfd1ebd22a.jpg,no_acc
../datasets/severity_acc\severe\images_359_jpg.rf.940a3d31e87090bdc45617086b0d619b.jpg,severe
../datasets/severity_acc\minor\WhatsApp-Image-2022-02-17-at-10-44-36--1-_jpeg.rf.e569d2ea35f3fa5df70041aa4aeafb05.jpg,minor
../datasets/severity_acc\fire\images_288--2-_jpg.rf.59528cf425a6f3f0464b577ea0d88a3b.jpg,fire
../datasets/severity_acc\minor\WhatsApp-Image-2022-02-17-at-10-45-19_jpeg.rf.de8c7c0888337470d86752ad99268738.jpg,minor
../datasets/severity_acc\minor\WhatsApp-Image-2022-02-17-at-10-45-18_jpeg.rf.dfc7817c94808a0a8b59b880460fa6ac.jpg,minor
../datasets/severity_acc\fire\images_166--3-_jpg.rf.0c00480466ba0e4c3769bd7cb78fac05.jpg,fire
../datasets/severity_acc\no_acc\00136_jpg.rf.05d90f24db995471a6c6eaae8b2c08fb.jpg,no_acc
../datasets/severity_acc\moderate\images_003_jpg.rf.f8f7ff72981dc413a8f40c9c3ea04dc7.jpg,moderate
../datasets/severity_acc\no_acc\00046_jpg.rf.34454dedaa1520841dfdf7d39632c479.jpg,no_acc
../datasets/severity_acc\no_acc\149_jpg.rf.7cc85fe958c0e20d0e70cffed9203541.jpg,no_acc
../datasets/severity_acc\no_acc\103_jpg.rf.1f50e521e489b56fce327a9f4c2cb8e1.jpg,no_acc
../datasets/severity_acc\minor\WhatsApp-Image-2022-02-17-at-10-44-39--1-_jpeg.rf.6e5890943aad36b10fed2bf7251c35d4.jpg,minor
../datasets/severity_acc\no_acc\00145_jpg.rf.557b85bcf1f93f76f812591e3041f822.jpg,no_acc
../datasets/severity_acc\no_acc\00175_jpg.rf.7926f15d54c0e0fae6685829f297d5aa.jpg,no_acc
../datasets/severity_acc\minor\WhatsApp-Image-2022-02-17-at-10-44-50--2-_jpeg.rf.54b1d21e5b403c2211446c872367047f.jpg,minor
../datasets/severity_acc\no_acc\101_jpg.rf.5dc043d91417ba3ca63bf8dcd0cdb98c.jpg,no_acc
../datasets/severity_acc\fire\images_150_jpg.rf.deff63cc327aa756d7807c993282b56f.jpg,fire
../datasets/severity_acc\no_acc\152_jpg.rf.55e3362b2cb0ad1521aef6ef8811fcd8.jpg,no_acc
../datasets/severity_acc\no_acc\00118_jpg.rf.bf54780db850d67c57e536904e57b9a2.jpg,no_acc
../datasets/severity_acc\moderate\images_063_jpg.rf.427057d51fca10af474b7a53bc934306.jpg,moderate
../datasets/severity_acc\fire\images_244_jpg.rf.a610efcb77ef61356ea33eb03aae67f2.jpg,fire
../datasets/severity_acc\severe\images_434_jpg.rf.8e42d94b5e8da57af9af9afbe58e9c17.jpg,severe
../datasets/severity_acc\no_acc\109_jpg.rf.24ec109cc049f56b845b02a42a5003a1.jpg,no_acc
../datasets/severity_acc\no_acc\00097_jpg.rf.d64791a7a5ac67c55eb261bbc3b24386.jpg,no_acc
../datasets/severity_acc\minor\WhatsApp-Image-2022-02-17-at-10-45-00_jpeg.rf.0c2320edf50b5489ea91be0c3372cd26.jpg,minor
../datasets/severity_acc\no_acc\00016_jpg.rf.5ecd218d38093a093422f0396704a2a3.jpg,no_acc
../datasets/severity_acc\moderate\images_048--3-_jpg.rf.426223bb989519b843f7df0fccade18b.jpg,moderate
../datasets/severity_acc\moderate\images_031_jpg.rf.62a8efdf9ba87d1e4dbae866d4516d3f.jpg,moderate
../datasets/severity_acc\severe\images_387--2-_jpg.rf.0866d0430dc07f90b7a36b8f3fd1d5ed.jpg,severe
../datasets/severity_acc\no_acc\00161_jpg.rf.42dc0f8f373f4347525a4849b6363044.jpg,no_acc
../datasets/severity_acc\minor\WhatsApp-Image-2022-02-17-at-10-44-26--1-_jpeg.rf.780cc265b76680a448191bb194a72847.jpg,minor
../datasets/severity_acc\no_acc\131_jpg.rf.dae0ee6dc7041fbb04669d94f835739e.jpg,no_acc
../datasets/severity_acc\moderate\images_468--3-_jpg.rf.d2dc21092a9e369b287ebcd6dfe77da8.jpg,moderate
../datasets/severity_acc\no_acc\52_jpg.rf.a3952289c005d958d23a5a5327cb4021.jpg,no_acc
../datasets/severity_acc\severe\images_643_jpg.rf.b0b613b4d4314f902051c79d243aa326.jpg,severe
../datasets/severity_acc\no_acc\00198_jpg.rf.6b88d1bd61e74498ec941faa9d1af1fb.jpg,no_acc
../datasets/severity_acc\fire\images_179--3-_jpg.rf.e95cc924122b6f36b20fab8ecfd512e1.jpg,fire
../datasets/severity_acc\no_acc\125_jpg.rf.e0100b8767c10984401895dafecb6e02.jpg,no_acc
../datasets/severity_acc\minor\images--11-_jpg.rf.53b97796ca034e64cfc9ccf92143b95a.jpg,minor
../datasets/severity_acc\severe\images_212--2-_jpg.rf.412d3e838acb9f8aeac173088bb3e07c.jpg,severe
../datasets/severity_acc\fire\images_191--2-_jpg.rf.71625c3fecb0dae88f0758642906f015.jpg,fire
../datasets/severity_acc\severe\images-29_jpg.rf.3a94eb5cc364827d60c41577f84fc12a.jpg,severe
../datasets/severity_acc\no_acc\00173_jpg.rf.776207240b2b4e30d9b72b2dbd7d9b06.jpg,no_acc
../datasets/severity_acc\no_acc\195_jpg.rf.d55c48157f0b19921e1f2fe06c64067a.jpg,no_acc
../datasets/severity_acc\fire\images_163--2-_jpg.rf.f081c19d73426f4b75234045e1a579f3.jpg,fire
../datasets/severity_acc\no_acc\00066_jpg.rf.78d853142748fa712c00566c9d55bdd4.jpg,no_acc
../datasets/severity_acc\no_acc\00075_jpg.rf.137f7ef2a9944dd900ff46ea7a63bc80.jpg,no_acc
../datasets/severity_acc\no_acc\00080_jpg.rf.51447f4fa963b1089891a34ef911e348.jpg,no_acc
../datasets/severity_acc\fire\images_189--3-_jpg.rf.ab93405034572755e0f231883a285e97.jpg,fire
../datasets/severity_acc\no_acc\00055_jpg.rf.bf69662e42dea5cb49e831d003373b30.jpg,no_acc
../datasets/severity_acc\severe\images_363_jpg.rf.a64420cb9a90a6c7bcce24b71f9312b1.jpg,severe
../datasets/severity_acc\moderate\images_427--2-_jpg.rf.4fad9337a8a60ff38a765f4d51065530.jpg,moderate
../datasets/severity_acc\no_acc\00082_jpg.rf.fddeeb0dc8e2a4a584d6d08ca1de5c1f.jpg,no_acc
../datasets/severity_acc\severe\images_712_jpg.rf.757218cfb096654eb93e1c5893bb7788.jpg,severe
../datasets/severity_acc\no_acc\00058_jpg.rf.ea4866afc5384f062f59327c3ea00c58.jpg,no_acc
../datasets/severity_acc\no_acc\167_jpg.rf.117e6ec6c64002dc206376e4e766aad7.jpg,no_acc
../datasets/severity_acc\fire\images_157_jpg.rf.8539efefa15dfdb8b29c8b4fb5b29c9c.jpg,fire
../datasets/severity_acc\no_acc\249_jpg.rf.044b117bc79d42286c786f6193ab328e.jpg,no_acc
../datasets/severity_acc\no_acc\00085_jpg.rf.94ddac12627a2de1a2ccff950b6e426c.jpg,no_acc
../datasets/severity_acc\fire\images_296_jpg.rf.abe1161eebbc3b9bf3599e7ab0c6a2fb.jpg,fire
../datasets/severity_acc\fire\images_195_jpg.rf.2feb2e0d716ded4cce15625f3bc39592.jpg,fire
../datasets/severity_acc\severe\traffic_img1349_jpg.rf.1b6c3fba11845643e665c06217cb175f.jpg,severe
../datasets/severity_acc\severe\images_235--2-_jpg.rf.cfe627b6526d255b3d7e3613c8fc286c.jpg,severe
../datasets/severity_acc\no_acc\00176_jpg.rf.cbd8303f88431e51a03ce0258c2f5a23.jpg,no_acc
../datasets/severity_acc\moderate\accidentFrame2559_jpg.rf.532ebb480e1d99a285cb51d4b095ab15.jpg,moderate
../datasets/severity_acc\no_acc\38_jpg.rf.a3d2c30182e230ff60794bfc6fed0671.jpg,no_acc
../datasets/severity_acc\severe\new_SD3_jpg.rf.166443b9578968d8c47c9b5b1af0886f.jpg,severe
../datasets/severity_acc\moderate\images_036--2-_jpg.rf.53fe33bb7c5e326b9ea1d926d83ebdaa.jpg,moderate
../datasets/severity_acc\no_acc\00153_jpg.rf.b1b8489b033f38f6085a84c3fe8be82a.jpg,no_acc
../datasets/severity_acc\no_acc\56_jpg.rf.52e50e960bca30a797dc1a9946c2e3f4.jpg,no_acc
../datasets/severity_acc\no_acc\00043_jpg.rf.917fb90ec312e8f1089a820155893fcc.jpg,no_acc
../datasets/severity_acc\no_acc\00052_jpg.rf.5f37aac88ea1ba6fa2f6ab9d946274c1.jpg,no_acc
../datasets/severity_acc\no_acc\00172_jpg.rf.095cf1787487db2b42dd5f1dfe02507e.jpg,no_acc
../datasets/severity_acc\no_acc\123_jpg.rf.8db1d3469133818793473a50bc24e935.jpg,no_acc
../datasets/severity_acc\minor\WhatsApp-Image-2022-02-17-at-10-45-29_jpeg.rf.08389b226e334b6838a878ee485a4bc7.jpg,minor
../datasets/severity_acc\no_acc\172_jpg.rf.7fad848e4b1ce7415dedfa48b21e901f.jpg,no_acc
../datasets/severity_acc\no_acc\00087_jpg.rf.c63e6ca77a608c6e511b8ffe789ddb97.jpg,no_acc
../datasets/severity_acc\minor\WhatsApp-Image-2022-02-17-at-10-45-18--2-_jpeg.rf.a62cfdf251fd0da8a4d6f6237f3f1a45.jpg,minor
../datasets/severity_acc\moderate\images_061_jpg.rf.f7c05dbe4ce15c4442eddbd846e9a826.jpg,moderate
../datasets/severity_acc\no_acc\147_jpg.rf.bec9b216a18523821ee5bc164659078f.jpg,no_acc
../datasets/severity_acc\severe\images_226_jpg.rf.38298572630ef481334fcab70d98643e.jpg,severe
../datasets/severity_acc\fire\images_252_jpg.rf.227c8fc639950801fe4f5beded1c63d0.jpg,fire
../datasets/severity_acc\severe\severityV2_26_jpg.rf.d0ca945ba6dee73e842bb75f55d3b116.jpg,severe
../datasets/severity_acc\no_acc\00134_jpg.rf.626ae35ea97fbaff53950997169b42ef.jpg,no_acc
../datasets/severity_acc\minor\download--3-_jpg.rf.fa868380973b691a0e3954fa97db8bd6.jpg,minor
../datasets/severity_acc\minor\images--5-_jpg.rf.a4ab6be04150fcea823066a57f0bc3c5.jpg,minor
../datasets/severity_acc\no_acc\00147_jpg.rf.899e9b5b4bd300ab4b3eedf4a80d3814.jpg,no_acc
../datasets/severity_acc\fire\images_427--3-_jpg.rf.2da9a14967ee003be8f290cf06610abd.jpg,fire
../datasets/severity_acc\no_acc\117_jpg.rf.c07ed2abe2433dcd71fa715bd853aa4e.jpg,no_acc
../datasets/severity_acc\fire\images_330--2-_jpg.rf.4cf4e16598f95a5083e9cd0e0e2dd242.jpg,fire
../datasets/severity_acc\no_acc\00159_jpg.rf.017d99b94e80e0d1a72011792a816f04.jpg,no_acc
../datasets/severity_acc\severe\images_366_jpg.rf.6bfd973517094c897bfc059ea9398290.jpg,severe
../datasets/severity_acc\severe\images_546--2-_jpg.rf.68f0a741904386be04e24d245366fa58.jpg,severe
../datasets/severity_acc\severe\images_214--3-_jpg.rf.0f0ece230f2c81571dfab0e6e148b154.jpg,severe
../datasets/severity_acc\no_acc\126_jpg.rf.e4c8b8be782e1f4350c9f706aadd5168.jpg,no_acc
../datasets/severity_acc\severe\images_105_jpg.rf.57862885abc16b9ad5753a5617680e3b.jpg,severe
../datasets/severity_acc\fire\images_154_jpg.rf.d7c15e08db37a0ff16249d9131d0ebd8.jpg,fire
../datasets/severity_acc\no_acc\00077_jpg.rf.c9de7e6d1e69f6a2b77a61577a25f52a.jpg,no_acc
../datasets/severity_acc\fire\images_180_jpg.rf.70ed5739cbaabf3428547332408110c8.jpg,fire
../datasets/severity_acc\fire\images_179_jpg.rf.894876392176e94f500137d6d715e97f.jpg,fire
../datasets/severity_acc\minor\WhatsApp-Image-2022-02-17-at-10-45-20_jpeg.rf.4eb2d548c2b395ee57bb97ce9dc11708.jpg,minor
../datasets/severity_acc\severe\images_212--3-_jpg.rf.c05f6fe6e64c59b3335e469df44c1d48.jpg,severe
../datasets/severity_acc\no_acc\50_jpg.rf.d99658624f2f30b7ce472796e13d9cf4.jpg,no_acc
../datasets/severity_acc\no_acc\00189_jpg.rf.135859c9901f3b83cf65886bd77dc72e.jpg,no_acc
../datasets/severity_acc\minor\WhatsApp-Image-2022-02-17-at-10-45-33_jpeg.rf.016b309f87838749c7c148ffe16338cd.jpg,minor
../datasets/severity_acc\no_acc\158_jpg.rf.c43ed09fc0533dad8d5306cc0c4495d8.jpg,no_acc
../datasets/severity_acc\no_acc\166_jpg.rf.3b895ee213ffb57e27d24f109e86bdac.jpg,no_acc
../datasets/severity_acc\minor\WhatsApp-Image-2022-02-17-at-10-45-32_jpeg.rf.0b89962c0686b39b792f204924b9a84b.jpg,minor
../datasets/severity_acc\no_acc\179_jpg.rf.9f44a894b2f1a884137bae61d691964b.jpg,no_acc
../datasets/severity_acc\no_acc\3_jpg.rf.2c2f38252a0d2c010db8527f627fedf5.jpg,no_acc
../datasets/severity_acc\moderate\images_093--2-_jpg.rf.5496ec78aebb9bdf56bf0c09f5378207.jpg,moderate
../datasets/severity_acc\no_acc\00083_jpg.rf.242d70e407d390ebe239fc29bd7e298c.jpg,no_acc
../datasets/severity_acc\no_acc\140_jpg.rf.14bba6287dd7e65246b7b29548d68629.jpg,no_acc
../datasets/severity_acc\fire\images_156--3-_jpg.rf.a920fcdf3551988797d47d422dcba573.jpg,fire
../datasets/severity_acc\fire\images_147--2-_jpg.rf.c0dbcf6d38bf79153342b2cd858db09e.jpg,fire
../datasets/severity_acc\no_acc\87_jpg.rf.cf98234141f2f35c77baf4fef3ccb291.jpg,no_acc
../datasets/severity_acc\moderate\images_074--2-_jpg.rf.5d6dc9ed8c6eafef470fc9fa5768a42d.jpg,moderate
../datasets/severity_acc\no_acc\00095_jpg.rf.abb541c78621508162488086b3301f95.jpg,no_acc
../datasets/severity_acc\no_acc\00119_jpg.rf.6a7db99817ca15ce6159624e07efe7e6.jpg,no_acc
../datasets/severity_acc\no_acc\00062_jpg.rf.e10cd3a817484c2a8aa5dbb45395fe90.jpg,no_acc
../datasets/severity_acc\no_acc\107_jpg.rf.8f061937d168ffe765b6cb43509c0c67.jpg,no_acc
../datasets/severity_acc\no_acc\175_jpg.rf.21ebea321a1003ad5b426cb443aa2b57.jpg,no_acc
../datasets/severity_acc\severe\images_109--3-_jpg.rf.f94e84947cc6211eb29d921b64e0e34c.jpg,severe
../datasets/severity_acc\no_acc\91_jpg.rf.2e1f26b2f8ea02f0d1bbcc852fe21b39.jpg,no_acc
../datasets/severity_acc\no_acc\00044_jpg.rf.dc3c8b897ea39104c6d0a9cef19c1062.jpg,no_acc
../datasets/severity_acc\severe\images_074_jpg.rf.83968ed44f64a6a5cd86b43947c0e595.jpg,severe
../datasets/severity_acc\fire\images_153_jpg.rf.b21bbdb1dd8fcd6bc6e23d67e0cac3a9.jpg,fire
../datasets/severity_acc\moderate\images_062_jpg.rf.eba38b8da8290a78334a608b2353d9dc.jpg,moderate
../datasets/severity_acc\fire\images_162--2-_jpg.rf.d6c1419f6c3ca225a3aa20b135237556.jpg,fire
../datasets/severity_acc\moderate\images_032--2-_jpg.rf.9136e258822265701b81078cb591139a.jpg,moderate
../datasets/severity_acc\no_acc\173_jpg.rf.ae1b0ff853463f71f4acaf9f804bb35e.jpg,no_acc
../datasets/severity_acc\severe\severityV2_15_jpg.rf.49ae6359a9923a3de490e009a4f6a623.jpg,severe
../datasets/severity_acc\severe\severity_V123_jpg.rf.8fe38311ab9784a4e318f62cf8ac2afc.jpg,severe
../datasets/severity_acc\no_acc\157_jpg.rf.07e28f2a758e27f54f42a92644672b4e.jpg,no_acc
../datasets/severity_acc\no_acc\00060_jpg.rf.9dfa9b2e8b144581e0a3059846d5fe58.jpg,no_acc
../datasets/severity_acc\severe\images_070--2-_jpg.rf.741286e9eac6ab07c957d3857afc86f8.jpg,severe
../datasets/severity_acc\moderate\images_013_jpg.rf.179627b0de90ea174c006f962102ba34.jpg,moderate
../datasets/severity_acc\moderate\images_050_jpg.rf.55d975e843139a03dbe42f2c41059c1c.jpg,moderate
../datasets/severity_acc\fire\images_640_jpg.rf.501ae3e5db6efd1f3c09af278ffe1614.jpg,fire
../datasets/severity_acc\no_acc\00129_jpg.rf.6c7bf32cc1932dfd2ea580962b124825.jpg,no_acc
../datasets/severity_acc\severe\images_396_jpg.rf.788cdc4d3cd1801979f5761f9cccb6f7.jpg,severe
../datasets/severity_acc\no_acc\138_jpg.rf.ca9bf81193f11ebc8f04458c931a02c5.jpg,no_acc
../datasets/severity_acc\no_acc\00004_jpg.rf.034f56e7a757e564deadb5ccac1f2e8f.jpg,no_acc
../datasets/severity_acc\moderate\accidentFrame2721_jpg.rf.6631b51891d6b52919e505dfc6f0c649.jpg,moderate
../datasets/severity_acc\no_acc\96_jpg.rf.7be9209ce8342e5fe6fb6c861fba4d4a.jpg,no_acc
../datasets/severity_acc\no_acc\159_jpg.rf.2e1081fb7937aaf5efc5ae989dfab469.jpg,no_acc
../datasets/severity_acc\minor\WhatsApp-Image-2022-02-17-at-10-45-11_jpeg.rf.ea1d00bb41409bd5c144d1adf01164da.jpg,minor
../datasets/severity_acc\fire\images_262_jpg.rf.762841e8a46634d09c3c17665060048f.jpg,fire
../datasets/severity_acc\no_acc\00182_jpg.rf.9959e9fdf573d9750fc45c6e4aec98e5.jpg,no_acc
../datasets/severity_acc\severe\images_069_jpg.rf.b1c43f2b44b034b9cf061d58342ff792.jpg,severe
../datasets/severity_acc\moderate\images_705_jpg.rf.67a50c43e33627dc728eeba298415f5a.jpg,moderate
../datasets/severity_acc\fire\images_218_jpg.rf.9d1435c34f31cc10f57f29a67eecf5ee.jpg,fire
../datasets/severity_acc\no_acc\142_jpg.rf.5088a648df1fca746c896503a1f60d6c.jpg,no_acc
../datasets/severity_acc\moderate\accidentFrame2761_jpg.rf.239d02e552cecfc92c08c3de36ca4b95.jpg,moderate
../datasets/severity_acc\moderate\images_573--2-_jpg.rf.60a7ce550c367ab378722aab97695278.jpg,moderate
../datasets/severity_acc\moderate\images_049--2-_jpg.rf.692919991f1f97aaa392e516ed897f40.jpg,moderate
../datasets/severity_acc\fire\images_327_jpg.rf.b38d20038b7be3f84eb41f3419f0d8f8.jpg,fire
../datasets/severity_acc\severe\images_082_jpg.rf.f02a997705c28a4247422c226f726131.jpg,severe
../datasets/severity_acc\minor\images--8-_jpg.rf.24e49efdb383fa548c76a903e6fd02d5.jpg,minor
../datasets/severity_acc\minor\minor-car-accidents_jpg.rf.646b1f571a83210215fcbec00c615e16.jpg,minor
../datasets/severity_acc\severe\FLIP_CAR_V125_jpg.rf.05206f6a90ce1378d514429c3f5b1fe1.jpg,severe
../datasets/severity_acc\no_acc\00009_jpg.rf.7c543702d28c150a80382e557aa6c030.jpg,no_acc
../datasets/severity_acc\moderate\images_051--2-_jpg.rf.fffd0044d458fdc8cc52f16a70f2281d.jpg,moderate
../datasets/severity_acc\fire\images_142--3-_jpg.rf.935a783fb521f0e331cffd734abcda59.jpg,fire
../datasets/severity_acc\severe\traffic_img1371_jpg.rf.8a4491d97b712af77454dfb9c359a698.jpg,severe
../datasets/severity_acc\no_acc\00112_jpg.rf.04fdf5190d259605fd55a0025e873696.jpg,no_acc
../datasets/severity_acc\severe\images_109_jpg.rf.070283bebe51472fe6ac84871303b65b.jpg,severe
../datasets/severity_acc\no_acc\156_jpg.rf.73a4b89c94c15c238f13ffe0ca02ba34.jpg,no_acc
../datasets/severity_acc\moderate\images_720--2-_jpg.rf.4e9b3a1e5a37c342a556946d09c79b12.jpg,moderate
../datasets/severity_acc\no_acc\61_jpg.rf.8afda20f7524f55c8916ba17baacd3b6.jpg,no_acc
../datasets/severity_acc\minor\images--7-_jpg.rf.0bf79792ed63e1b2759f23aa45c1f0c4.jpg,minor
../datasets/severity_acc\moderate\images_040_jpg.rf.26732e42190b91e1debe0b7c40898875.jpg,moderate
../datasets/severity_acc\no_acc\191_jpg.rf.45f4367cd8d7e6e96e4293f97742b895.jpg,no_acc
../datasets/severity_acc\no_acc\00149_jpg.rf.1a9e1d9a54c361f33c57faa3c281e3b7.jpg,no_acc
../datasets/severity_acc\no_acc\32_jpg.rf.86e13318deb3c23208e5cc25f533d584.jpg,no_acc
../datasets/severity_acc\moderate\images_585_jpg.rf.d40460c9e56c84cdc2348a652cab25ca.jpg,moderate
../datasets/severity_acc\no_acc\00038_jpg.rf.555913e49b3ffd890d296f05ae227694.jpg,no_acc
../datasets/severity_acc\no_acc\93_jpg.rf.35b030f8e961e316f5aa6fb512d0a59c.jpg,no_acc
../datasets/severity_acc\minor\WhatsApp-Image-2022-02-17-at-10-45-00--1-_jpeg.rf.2a59b6837000ae5634c8ff7f407e0d0a.jpg,minor
../datasets/severity_acc\no_acc\210_jpg.rf.4a8309444158f4333bd805d0f077b8a0.jpg,no_acc
../datasets/severity_acc\no_acc\137_jpg.rf.c4f19758a6bba8864f8e571bb4558b1c.jpg,no_acc
../datasets/severity_acc\severe\images_289_jpg.rf.ccb2d0ba39f0e74926b5cbb14ccc113d.jpg,severe
../datasets/severity_acc\no_acc\24_jpg.rf.04f7c73bbfc6e33f938b65ebb5674422.jpg,no_acc
../datasets/severity_acc\no_acc\00089_jpg.rf.134c7430e8e79e8c5e8057bf62f30bc0.jpg,no_acc
../datasets/severity_acc\moderate\images_514--2-_jpg.rf.420e7cf7e9693f13567a6f704f169a68.jpg,moderate
../datasets/severity_acc\severe\buy6_jpg.rf.4c404711a16d4533c527ddfa94ef687b.jpg,severe
../datasets/severity_acc\no_acc\00027_jpg.rf.6fb33de27b21c0241273d0fcb96d12cb.jpg,no_acc
../datasets/severity_acc\no_acc\00030_jpg.rf.f976b3b4408c867658a4e1ec735e7854.jpg,no_acc
../datasets/severity_acc\no_acc\68_jpg.rf.f23f76a89dad27ede0294c0836f54f0b.jpg,no_acc
../datasets/severity_acc\fire\images_182_jpg.rf.c206fbee909929906c4285a29329b2d0.jpg,fire
../datasets/severity_acc\no_acc\00069_jpg.rf.a4ebb1a10d9aed51a68a97c90692e467.jpg,no_acc
../datasets/severity_acc\no_acc\00091_jpg.rf.c466713cb8d0cbaa90cc9e9f6a83b501.jpg,no_acc
../datasets/severity_acc\no_acc\151_jpg.rf.3de4e017ecaaf176945803677afe9d0d.jpg,no_acc
../datasets/severity_acc\moderate\images_341_jpg.rf.7cee72daee14defd94eb2e71e6049156.jpg,moderate
../datasets/severity_acc\moderate\images_005--3-_jpg.rf.124abf1aa65a77846510480ca01784fc.jpg,moderate
../datasets/severity_acc\severe\traffic_img62_jpg.rf.ad6b518e4350f9ea6208f8a7df37609f.jpg,severe
../datasets/severity_acc\severe\images_070_jpg.rf.181c3231f3995180629638ebc5730bfd.jpg,severe
../datasets/severity_acc\minor\images--10-_jpg.rf.cfad36618186c35fe49d69d26e447783.jpg,minor
../datasets/severity_acc\fire\images_192_jpg.rf.01855d00adad71629aaeb50606391734.jpg,fire
../datasets/severity_acc\no_acc\35_jpg.rf.d327b22eed115b241ca05acb592313b1.jpg,no_acc
../datasets/severity_acc\no_acc\00168_jpg.rf.67da7e44d04b39b875b2d958adac592d.jpg,no_acc
../datasets/severity_acc\minor\57049742_jpg.rf.9ea8e27e8c8455c55d0e76a4a65756ce.jpg,minor
../datasets/severity_acc\no_acc\105_jpg.rf.ea7aae05ebffc8a1e500b29816047779.jpg,no_acc
../datasets/severity_acc\severe\images_254--2-_jpg.rf.c967ea779df1ee5229260a3d77b70d97.jpg,severe
../datasets/severity_acc\no_acc\241_jpg.rf.2e2aa064c860fce815cc1a455478305b.jpg,no_acc
../datasets/severity_acc\severe\severity_V134_jpg.rf.cd1286283d05bb14d485c236c9942a21.jpg,severe
../datasets/severity_acc\minor\WhatsApp-Image-2022-02-17-at-10-45-34_jpeg.rf.9b653aa118e0dab0721249591469999d.jpg,minor
../datasets/severity_acc\no_acc\00024_jpg.rf.8cf451ef2b648003476f1a8f0a5d6633.jpg,no_acc
../datasets/severity_acc\no_acc\00158_jpg.rf.a344cee5a9720da874f928f8430307f1.jpg,no_acc
../datasets/severity_acc\no_acc\121_jpg.rf.99349ea3b9dc9d0d9117faf71ab078f8.jpg,no_acc
../datasets/severity_acc\severe\severityV4_40_jpg.rf.740587eddd9df89b333ba54b66b5091d.jpg,severe
../datasets/severity_acc\minor\WhatsApp-Image-2022-02-17-at-10-45-04_jpeg.rf.864b9aabfb20ab4335c92284dec3b65f.jpg,minor
../datasets/severity_acc\minor\images_jpg.rf.1dca8949d0e33d2c40bd03e0e608deb2.jpg,minor
../datasets/severity_acc\severe\severityV4_10_jpg.rf.6ec04b57979b1eb0a5bd54e91df40be3.jpg,severe
../datasets/severity_acc\severe\images_106_jpg.rf.81857e157cee056b42ccbb2c82825291.jpg,severe
../datasets/severity_acc\moderate\accidentFrame2742_jpg.rf.1ffdf4b404c159e1d632a9b6dde44df2.jpg,moderate
../datasets/severity_acc\severe\images_078--2-_jpg.rf.93c24e10da9d3f39c5560b79e729f7e0.jpg,severe
../datasets/severity_acc\fire\images_187_jpg.rf.4075c192b428df7bc432c9bd68cc7d05.jpg,fire
../datasets/severity_acc\no_acc\16_jpg.rf.5c7a02eba98184c9e25d1ca21bf6778b.jpg,no_acc
../datasets/severity_acc\severe\traffic_img1346_jpg.rf.6c89d6fac10f4409cc6ad53613463d33.jpg,severe
../datasets/severity_acc\severe\severityV4_19_jpg.rf.c8b1a02a4ab428bbf59ea510f451a32b.jpg,severe
../datasets/severity_acc\no_acc\00041_jpg.rf.d678fc14a4e2994f8965b0c233c6edb4.jpg,no_acc
../datasets/severity_acc\no_acc\00073_jpg.rf.b30887ecb35559b68376a0929e3308a6.jpg,no_acc
../datasets/severity_acc\severe\images_399_jpg.rf.31c3f21aab987ca97469d942bf8c1e33.jpg,severe
../datasets/severity_acc\minor\WhatsApp-Image-2022-02-17-at-10-44-59--2-_jpeg.rf.f6df0c892039c2b7fb7d6a950662767e.jpg,minor
../datasets/severity_acc\no_acc\00090_jpg.rf.f885dac99efc9ccdf62e24a3a1d25a5a.jpg,no_acc
../datasets/severity_acc\minor\WhatsApp-Image-2022-02-17-at-10-44-58--1-_jpeg.rf.c30f6a661762c6dd5f1d588b7042d1ae.jpg,minor
../datasets/severity_acc\no_acc\00124_jpg.rf.f128aaf140d075e83756cfcba1f32dfd.jpg,no_acc
../datasets/severity_acc\moderate\images_384_jpg.rf.23136e17550c496ac399ba56ce0e3cd4.jpg,moderate
../datasets/severity_acc\no_acc\00040_jpg.rf.b41f7ed16d1e709ea03d08e07078bbee.jpg,no_acc
../datasets/severity_acc\fire\images_158_jpg.rf.0856494180af137e1e32d8b38df9b350.jpg,fire
../datasets/severity_acc\minor\WhatsApp-Image-2022-02-17-at-10-45-25--1-_jpeg.rf.1940ea1a8bc2911a4d85da69da574146.jpg,minor
../datasets/severity_acc\severe\severityV4_9_jpg.rf.322c48ed08146e579b6add00cfe84a6c.jpg,severe
../datasets/severity_acc\no_acc\00032_jpg.rf.9b5b11555433f16cfcf2ae6fb72cba6c.jpg,no_acc
../datasets/severity_acc\no_acc\00115_jpg.rf.50331431faec01310b3f877d0c2df161.jpg,no_acc
../datasets/severity_acc\severe\images_596_jpg.rf.a310915c92e9579fa2faeeed30ee019b.jpg,severe
../datasets/severity_acc\fire\images_155--3-_jpg.rf.13faeb15beffc0d6203494d726586665.jpg,fire
../datasets/severity_acc\no_acc\00132_jpg.rf.c49d6728a79695ac9a0fd96389b590ed.jpg,no_acc
../datasets/severity_acc\no_acc\00133_jpg.rf.cf85f2c265b1ec526edf2b6b41bb0c66.jpg,no_acc
../datasets/severity_acc\no_acc\00025_jpg.rf.ac76b350e021cf8af77e6d7294636ebe.jpg,no_acc
../datasets/severity_acc\no_acc\00074_jpg.rf.34e7d9274a763e3d75530f2860fa834f.jpg,no_acc
../datasets/severity_acc\fire\images_164_jpg.rf.3eacae0b29ab3e64d26cb79831e5b417.jpg,fire
../datasets/severity_acc\no_acc\33_jpg.rf.c91a23f103e452d200b33b82167e4c8d.jpg,no_acc
../datasets/severity_acc\minor\WhatsApp-Image-2022-02-17-at-10-45-21_jpeg.rf.29fe7800dc4ec2da2364be00be70f935.jpg,minor
../datasets/severity_acc\fire\images_177--2-_jpg.rf.569d18154da4088fc9b5b30d36230d12.jpg,fire
../datasets/severity_acc\minor\WhatsApp-Image-2022-02-17-at-10-45-28_jpeg.rf.c7e6c92c2c01cc6a5d8bee77394d5043.jpg,minor
../datasets/severity_acc\moderate\images_059--2-_jpg.rf.5bf7a376ab68a9857e069bb075ee5ad1.jpg,moderate
../datasets/severity_acc\no_acc\00018_jpg.rf.a883f072e8d823cfb40267ec4beedf43.jpg,no_acc
../datasets/severity_acc\severe\images_069--2-_jpg.rf.c23c1c2ddc1adfcbcf95b1c400fc31b2.jpg,severe
../datasets/severity_acc\no_acc\00141_jpg.rf.dae3585f4dafcacb2af16c5e4939fa74.jpg,no_acc
../datasets/severity_acc\severe\images_017_jpg.rf.298d9a94b99010426208788b7379104e.jpg,severe
../datasets/severity_acc\moderate\images_575--2-_jpg.rf.7a2bb30ced237a2b06275891bf025e91.jpg,moderate
../datasets/severity_acc\no_acc\48_jpg.rf.7527ba55c9af6e739bfcf532d2cf0ad1.jpg,no_acc
../datasets/severity_acc\minor\WhatsApp-Image-2022-02-17-at-10-45-13--1-_jpeg.rf.0c235e61909e08c3813664b921f833f2.jpg,minor
../datasets/severity_acc\minor\WhatsApp-Image-2022-02-17-at-10-44-22--1-_jpeg.rf.555af87a4fd415621809b5067153165c.jpg,minor
../datasets/severity_acc\no_acc\00174_jpg.rf.edd4340ae015f7bd619ae7184567aab0.jpg,no_acc
../datasets/severity_acc\no_acc\94_jpg.rf.897b7944ec4872efe50e10fe6480cea2.jpg,no_acc
../datasets/severity_acc\no_acc\00061_jpg.rf.04c8540c76f1ad206db49dc510ca0672.jpg,no_acc
../datasets/severity_acc\no_acc\00155_jpg.rf.0aeb0ada7a4e6e1a95673b364874eacc.jpg,no_acc
../datasets/severity_acc\no_acc\00007_jpg.rf.64b1520b1d7708891d792946580cb25d.jpg,no_acc
../datasets/severity_acc\minor\images--4-_jpg.rf.805c460cef6738c837588c617ef5861f.jpg,minor
../datasets/severity_acc\severe\accidentFrame2716_jpg.rf.556b63962767fa5b763f480c2f7f159f.jpg,severe
../datasets/severity_acc\minor\WhatsApp-Image-2022-02-17-at-10-45-26_jpeg.rf.c5024c107152220e06de94ff21adf92c.jpg,minor
../datasets/severity_acc\no_acc\00079_jpg.rf.8e82335565f430e34db1e470b306cd79.jpg,no_acc
../datasets/severity_acc\no_acc\113_jpg.rf.e45c1477b2b0fe9ef02b0eb847f7affe.jpg,no_acc
../datasets/severity_acc\fire\images_191_jpg.rf.ac3a9e34c40dee3fa13c0cb2bf053c96.jpg,fire
../datasets/severity_acc\no_acc\178_jpg.rf.bc5dba897f9cb3ed45982e2db83b88e4.jpg,no_acc
../datasets/severity_acc\moderate\images_032_jpg.rf.a5060a8e9aa89d72560b49bf1277fa09.jpg,moderate
../datasets/severity_acc\moderate\images_736_jpg.rf.fc2a1f3071a354f38c0c9129adf07247.jpg,moderate
../datasets/severity_acc\fire\images_157--4-_jpg.rf.b8169d9591666d059144080730f21d79.jpg,fire
../datasets/severity_acc\minor\WhatsApp-Image-2022-02-17-at-10-44-22_jpeg.rf.ddc3b76da18c37f41e8f6645108d1ed7.jpg,minor
../datasets/severity_acc\no_acc\00042_jpg.rf.91638a7aa14020d96a965d77399a0752.jpg,no_acc
../datasets/severity_acc\moderate\images_068_jpg.rf.945b80953c1a1db969472afe35eeb876.jpg,moderate
../datasets/severity_acc\no_acc\165_jpg.rf.74c2db7e832cdd63289f65a5cf831f3a.jpg,no_acc
../datasets/severity_acc\no_acc\00195_jpg.rf.6e25ec525de9582394a5764dc08ff81c.jpg,no_acc
../datasets/severity_acc\no_acc\34_jpg.rf.9c7ba878b3eb7523398ea20de01aeaad.jpg,no_acc
../datasets/severity_acc\no_acc\00193_jpg.rf.1e41a9fd2a8bbd1d19f6c99755309263.jpg,no_acc
../datasets/severity_acc\severe\severityV4_29_jpg.rf.c5b7cfa7f3cd4eb11aea138bd16900a3.jpg,severe
../datasets/severity_acc\moderate\desktop.ini,moderate
../datasets/severity_acc\minor\images--6-_jpg.rf.dbe93521b41baf038c2fbc90f5e1563f.jpg,minor
../datasets/severity_acc\no_acc\145_jpg.rf.81b3a41e95957ebdc7ca2108c6608efc.jpg,no_acc
../datasets/severity_acc\severe\images_215_jpg.rf.094637a3538ad1b606dcf33b0b68e1f0.jpg,severe
../datasets/severity_acc\no_acc\132_jpg.rf.010c92c6a42b46e496d679157674daa6.jpg,no_acc
../datasets/severity_acc\fire\images_667_jpg.rf.d435f5fd6a9ff0cda6a3228dcf1843e6.jpg,fire
../datasets/severity_acc\moderate\accidentFrame131_jpg.rf.ff7916c97ccd496d87ed572adcdfbdf7.jpg,moderate
../datasets/severity_acc\no_acc\00021_jpg.rf.68cbf53d4d9d99bd6aacc29b47c2a141.jpg,no_acc
../datasets/severity_acc\no_acc\53_jpg.rf.49c7b08a6a7f325c5ad31530ec6874f6.jpg,no_acc
../datasets/severity_acc\no_acc\238_jpg.rf.54b1ce17f4c3df004623e4d9eb2c0891.jpg,no_acc
../datasets/severity_acc\no_acc\27_jpg.rf.89347a1264a89649cbc2a29ba2635af6.jpg,no_acc
../datasets/severity_acc\severe\screen_images6_png_jpg.rf.1800347bb982b53276ba8db10e7c3ab9.jpg,severe
../datasets/severity_acc\no_acc\51_jpg.rf.f8f82b22e0033df332bd6b4738536e51.jpg,no_acc
../datasets/severity_acc\severe\images_214_jpg.rf.97ca40936218a7fafa458d388f9fe55e.jpg,severe
../datasets/severity_acc\no_acc\169_jpg.rf.70949c799f631ed249533114c30a8f1a.jpg,no_acc
../datasets/severity_acc\fire\images_149_jpg.rf.9d750d5e6618c228156c7a1ca7727186.jpg,fire
../datasets/severity_acc\severe\severity_V124_jpg.rf.0f84ac8838a312ed065821078a0fdb3e.jpg,severe
../datasets/severity_acc\fire\images_182--3-_jpg.rf.55ac44b77872529ac23baca4511dcb22.jpg,fire
../datasets/severity_acc\severe\images_284--2-_jpg.rf.bba7d58502983b00931da79ed52382c9.jpg,severe
../datasets/severity_acc\minor\WhatsApp-Image-2022-02-17-at-10-45-14_jpeg.rf.4f80f424a5429119cce6de8e6abd2d8a.jpg,minor
../datasets/severity_acc\no_acc\40_jpg.rf.bd2e05ae099c5a55a85edc41a5bd5b8f.jpg,no_acc
../datasets/severity_acc\minor\WhatsApp-Image-2022-02-17-at-10-45-23_jpeg.rf.d9eef1833fe2ea6ed3d6dea22782ecac.jpg,minor
../datasets/severity_acc\fire\images_156_jpg.rf.3951cb15f7b4d691e1d16edb5e9a3cfa.jpg,fire
../datasets/severity_acc\no_acc\136_jpg.rf.40f6100177e9b46cf8e8cb88adfe8c7c.jpg,no_acc
../datasets/severity_acc\fire\images_186--2-_jpg.rf.59169e308b3ad4ed0756b8c84ccdb964.jpg,fire
../datasets/severity_acc\severe\severityV4_47_jpg.rf.57abe42a336c68fe93a890b5f61c4d18.jpg,severe
../datasets/severity_acc\no_acc\13_jpg.rf.3a18f7ebe958b564f9a5d86c32fc13b1.jpg,no_acc
../datasets/severity_acc\no_acc\187_jpg.rf.ae59d3e8b784e7f94c15be6821b4c7be.jpg,no_acc
../datasets/severity_acc\no_acc\104_jpg.rf.c8ef8b293460a4540e74115e633fe100.jpg,no_acc
../datasets/severity_acc\no_acc\00003_jpg.rf.d7bd204d798d59bda3203839561a31f4.jpg,no_acc
../datasets/severity_acc\no_acc\163_jpg.rf.0375d62e53f932d23f0dd3c14cefe4f5.jpg,no_acc
../datasets/severity_acc\moderate\images_037_jpg.rf.9e32d1254e2fec77f55ea7adc17a2fbe.jpg,moderate
../datasets/severity_acc\fire\images_165--2-_jpg.rf.b9a2770f5d450231c0ee4eb803609a39.jpg,fire
../datasets/severity_acc\no_acc\73_jpg.rf.2cd53e73cd17ad5903a0e6abd0c2cf95.jpg,no_acc
../datasets/severity_acc\no_acc\00162_jpg.rf.a895dff639a0195b2f79c3925b02cb74.jpg,no_acc
../datasets/severity_acc\no_acc\00084_jpg.rf.fbfbc02cc9f301d3e9e1693badbae154.jpg,no_acc
../datasets/severity_acc\moderate\images_041--2-_jpg.rf.68fc57978bd50cb85659a38475716e69.jpg,moderate
../datasets/severity_acc\fire\images_176--2-_jpg.rf.17cf27c21f59587a9072c511ffea7312.jpg,fire
../datasets/severity_acc\severe\severityV4_38_jpg.rf.afa96c033caff855c9f458a1ecbd8f8a.jpg,severe
../datasets/severity_acc\no_acc\00094_jpg.rf.03d9496b64fcb9d677b75de85841504f.jpg,no_acc
../datasets/severity_acc\no_acc\00194_jpg.rf.b93a9ca24f747481d7844a1c3c2fd254.jpg,no_acc
../datasets/severity_acc\severe\severityV4_41_jpg.rf.210e61c0ba336298c8db8a694c7b055b.jpg,severe
../datasets/severity_acc\severe\images_084_jpg.rf.79992fc582d9f274c2c3234f4bc9566c.jpg,severe
../datasets/severity_acc\no_acc\29_jpg.rf.5778251e267d5206bf2d9e7a225b14f2.jpg,no_acc
../datasets/severity_acc\moderate\images_005--2-_jpg.rf.5b019dee65938898841e63aaad955818.jpg,moderate
../datasets/severity_acc\severe\images_089--2-_jpg.rf.e3f2b2ef9a6b81b6e9654b33588f595d.jpg,severe
../datasets/severity_acc\severe\images_277_jpg.rf.f9ac8ba866a69bf2218bf362eecfc99f.jpg,severe
../datasets/severity_acc\no_acc\129_jpg.rf.618470b01104bfb53eeeab69a09893b2.jpg,no_acc
../datasets/severity_acc\severe\severityV4_46_jpg.rf.282867f9e6d3e3c7c0014746944090b3.jpg,severe
../datasets/severity_acc\severe\images_069--3-_jpg.rf.2eb5a9c2f63bf62b0d0807edded9d9b0.jpg,severe
../datasets/severity_acc\severe\severityV4_42_jpg.rf.376a05235cb71c4fc02c7869d7a68363.jpg,severe
../datasets/severity_acc\minor\WhatsApp-Image-2022-02-17-at-10-45-18--1-_jpeg.rf.befc3ece199d314fd46ff7dba561732a.jpg,minor
../datasets/severity_acc\no_acc\199_jpg.rf.7070897083afb41f3738765a6be4b0eb.jpg,no_acc
../datasets/severity_acc\minor\WhatsApp-Image-2022-02-17-at-10-45-10_jpeg.rf.d9cc35fa14fc3c1636d310d32f96d24a.jpg,minor
../datasets/severity_acc\severe\screen_images7_png_jpg.rf.763e09507b7b2fa37ec079da067ed1f5.jpg,severe
../datasets/severity_acc\no_acc\198_jpg.rf.c0135b4d3768717728739f18563c1da4.jpg,no_acc
../datasets/severity_acc\no_acc\89_jpg.rf.1d1cd063595d22c78320ab45bbdea66c.jpg,no_acc
../datasets/severity_acc\minor\images--2-_jpg.rf.d0edb2ce86c1dbb6f15cc9991bfb3d20.jpg,minor
../datasets/severity_acc\moderate\images_038--3-_jpg.rf.3323dac201a3cf5b8fd6dc28ba1a3665.jpg,moderate
../datasets/severity_acc\no_acc\188_jpg.rf.847bea3231fb0fb82104639edc9edec5.jpg,no_acc
../datasets/severity_acc\minor\download--2-_jpg.rf.ac2a74802be7a02379603fc1df08577c.jpg,minor
../datasets/severity_acc\no_acc\00146_jpg.rf.6c93697b5273c3b64f2834b520d97fbf.jpg,no_acc
../datasets/severity_acc\no_acc\00144_jpg.rf.c22e77f21cf7a42cc83dd1f2583081de.jpg,no_acc
../datasets/severity_acc\minor\images_061_jpg.rf.f7c05dbe4ce15c4442eddbd846e9a826.jpg,minor
../datasets/severity_acc\fire\images_189_jpg.rf.50310354c78114af3c9c3c4b18699d92.jpg,fire
../datasets/severity_acc\minor\WhatsApp-Image-2022-02-17-at-10-45-10--1-_jpeg.rf.6c3c7fda21efeae59b02441714e884d5.jpg,minor
../datasets/severity_acc\no_acc\00128_jpg.rf.98a136008ec1e3ebd870186212eb2d94.jpg,no_acc
../datasets/severity_acc\severe\images_jpg.rf.88ffeef3cd501f33b48b5436efc6f10b.jpg,severe
../datasets/severity_acc\moderate\images_022_jpg.rf.5de76c451a2d1c3741607bf38bac7982.jpg,moderate
../datasets/severity_acc\severe\severityV4_82_jpg.rf.3151fc8c6dce2aeebf96d29304a742b8.jpg,severe
../datasets/severity_acc\no_acc\55_jpg.rf.b8e93350d48a4894aa1519d9bf1d945f.jpg,no_acc
../datasets/severity_acc\fire\images_153--4-_jpg.rf.3ae8d444536880599b1a2f6a5ded942f.jpg,fire
../datasets/severity_acc\no_acc\99_jpg.rf.ad99bfe521ed4564b50f721da97f15c0.jpg,no_acc
../datasets/severity_acc\fire\images_175_jpg.rf.6718917eec987ef1eeb3aef42a186657.jpg,fire
../datasets/severity_acc\no_acc\00177_jpg.rf.b0f4897dd21551c0f49dfe0cca63ddc5.jpg,no_acc
../datasets/severity_acc\moderate\images_066--3-_jpg.rf.b93cb734574933daa69a95eb7fc8bcdd.jpg,moderate
../datasets/severity_acc\no_acc\00023_jpg.rf.568326e8ae9ff4edb4e49592f7c07f09.jpg,no_acc
../datasets/severity_acc\no_acc\45_jpg.rf.428f59025d0e1485e4768229b8663062.jpg,no_acc
../datasets/severity_acc\no_acc\190_jpg.rf.4e42c65dc4e7b734902ad03aaa323976.jpg,no_acc
../datasets/severity_acc\no_acc\22_jpg.rf.0d52a738db5d326b558749fb302e5096.jpg,no_acc
../datasets/severity_acc\no_acc\25_jpg.rf.a3d783bbb2fd34bcdeb9cabbd347bf22.jpg,no_acc
../datasets/severity_acc\moderate\images_349_jpg.rf.c3f67ddf06fa3e8a879b9d69ef252525.jpg,moderate
../datasets/severity_acc\no_acc\00017_jpg.rf.4e1dab0271bf77ff00690c938c62dbb6.jpg,no_acc
../datasets/severity_acc\no_acc\00139_jpg.rf.fe22836662741b46403f0afa3f844f58.jpg,no_acc
../datasets/severity_acc\minor\WhatsApp-Image-2022-02-17-at-10-45-06_jpeg.rf.40e3a5c3853d5e65018cc2006acd8128.jpg,minor
../datasets/severity_acc\no_acc\79_jpg.rf.5830a18c3feae94996ea16967513a5ab.jpg,no_acc
../datasets/severity_acc\severe\images_223_jpg.rf.5f0de57f575e3ea0a9f51baac7b38b4e.jpg,severe
../datasets/severity_acc\no_acc\171_jpg.rf.58c75a8930ea530e65b8db329d5a8f9a.jpg,no_acc
../datasets/severity_acc\no_acc\115_jpg.rf.66b36b02e3becbcdc082f7853f8a24d6.jpg,no_acc
../datasets/severity_acc\minor\WhatsApp-Image-2022-02-17-at-10-45-02--1-_jpeg.rf.84604caf5c4d2f15989e07f1dbd887e7.jpg,minor
../datasets/severity_acc\minor\WhatsApp-Image-2022-02-17-at-10-45-01_jpeg.rf.a7363c18f07d3b67e889c60fe4f9b03f.jpg,minor
../datasets/severity_acc\no_acc\263_jpg.rf.81436f81453f6b4f4a8b282d255069fe.jpg,no_acc
../datasets/severity_acc\severe\images_522_jpg.rf.6c75fb12a2a0609cea6859e6728255c6.jpg,severe
../datasets/severity_acc\no_acc\71_jpg.rf.f4986e72443bffd6d3f010d76afa39c0.jpg,no_acc
../datasets/severity_acc\no_acc\00068_jpg.rf.be56bbd4a9ace70256ddb61a9fcf7fa8.jpg,no_acc
../datasets/severity_acc\no_acc\00188_jpg.rf.bad044247e08d85118e9a383a64bfbfe.jpg,no_acc
../datasets/severity_acc\no_acc\00045_jpg.rf.9e139cb70dd5456a01546c09782870c7.jpg,no_acc
../datasets/severity_acc\moderate\accidentFrame2742_jpg.rf.753094f3d53761d6c347e66028a77b74.jpg,moderate
../datasets/severity_acc\minor\images_761_jpg.rf.410a093611775d56f1ca664d0bcb1bee.jpg,minor
../datasets/severity_acc\severe\images_088--3-_jpg.rf.6d92fd57e2742805e05e8aa2e310adff.jpg,severe
../datasets/severity_acc\minor\WhatsApp-Image-2022-02-17-at-10-44-59_jpeg.rf.ac9d3f2e3a98cba4e35bb0406b65c47b.jpg,minor
../datasets/severity_acc\severe\severityV4_10_jpg.rf.cfd66716ae64c10f3d442ac1978fd1b4.jpg,severe
../datasets/severity_acc\moderate\images_007_jpg.rf.41587b587ba35b5422ccba7babdd46a4.jpg,moderate
../datasets/severity_acc\moderate\images_730--2-_jpg.rf.871bc326795d3b8cd2fee60e7f945894.jpg,moderate
../datasets/severity_acc\no_acc\00013_jpg.rf.6b3f8d8b3958b7daf8e8c7125141f0e5.jpg,no_acc
../datasets/severity_acc\no_acc\00125_jpg.rf.431fc5cce4050b097c5092cf0dabdfc2.jpg,no_acc
../datasets/severity_acc\minor\images_681_jpg.rf.0c3044d0ad2af7574ca15b4f7ac04089.jpg,minor
../datasets/severity_acc\moderate\accidentFrame2716_jpg.rf.11c9839c547bf6231f1d85788af64243.jpg,moderate
../datasets/severity_acc\moderate\images_013--2-_jpg.rf.17a0cc45f4ce7bc8359ed1805a2362c0.jpg,moderate
../datasets/severity_acc\no_acc\00163_jpg.rf.ad76cd2b038737b9f075c0b935c09087.jpg,no_acc
../datasets/severity_acc\moderate\images_059_jpg.rf.7aa5c02d231e444137fe725bb691eff4.jpg,moderate
../datasets/severity_acc\no_acc\00140_jpg.rf.cebd62296b8d6d7a7538b85b481b99ae.jpg,no_acc
../datasets/severity_acc\severe\images_222_jpg.rf.b2c2cab9a26fe43300ad796d6c72f3bf.jpg,severe
../datasets/severity_acc\minor\WhatsApp-Image-2022-02-17-at-10-44-23--3-_jpeg.rf.a391b3a8396d03500acb2b922f7a55dc.jpg,minor
../datasets/severity_acc\no_acc\00127_jpg.rf.aaf8d13358e9d239133cfc2eacb10b44.jpg,no_acc
../datasets/severity_acc\no_acc\75_jpg.rf.7987b3dcea245d4927c33bc55fc2c8bc.jpg,no_acc
../datasets/severity_acc\no_acc\60_jpg.rf.44732be50aee036c22443978662a7572.jpg,no_acc
../datasets/severity_acc\severe\images_300_jpg.rf.593bb0f2d3704961410caf943901ecf8.jpg,severe
../datasets/severity_acc\moderate\images_030_jpg.rf.dad1299796ca19be3073cdd870efd0ef.jpg,moderate
../datasets/severity_acc\severe\images_304--3-_jpg.rf.036c4b25a5fea38aa7bbf5ce3809a230.jpg,severe
../datasets/severity_acc\no_acc\46_jpg.rf.18c1d8bd150f3a72622b2eca06cef44f.jpg,no_acc
../datasets/severity_acc\severe\images_361_jpg.rf.c7e77711247456c3525e10b3ded0c118.jpg,severe
../datasets/severity_acc\severe\images_078_jpg.rf.d3650c821927a375343584e5a2131cdb.jpg,severe
../datasets/severity_acc\no_acc\54_jpg.rf.611629ac54d85b75a24aa2b1cd57bd49.jpg,no_acc
../datasets/severity_acc\no_acc\00107_jpg.rf.dc4874398da945de684da020add0684c.jpg,no_acc
../datasets/severity_acc\severe\severityV4_4_jpg.rf.ef6eff97b7f0bda4601324d839633a05.jpg,severe
../datasets/severity_acc\no_acc\134_jpg.rf.b40003325f288489b1b98faeaefbe029.jpg,no_acc
../datasets/severity_acc\moderate\images_505_jpg.rf.f3f410eed32e5fad043ff55a364b1e2b.jpg,moderate
../datasets/severity_acc\severe\FLIP_CAR_V147_jpg.rf.a137a7db70427910d62d074d0cc587c4.jpg,severe
../datasets/severity_acc\no_acc\00166_jpg.rf.f6c219f40cf5072303842fcf87a86b7c.jpg,no_acc
../datasets/severity_acc\no_acc\122_jpg.rf.583223e265ea6c2b7b1238b129f62b99.jpg,no_acc
../datasets/severity_acc\minor\images--3-_jpg.rf.228c1a5e2b0ce835e81fda73581a90e3.jpg,minor
../datasets/severity_acc\moderate\images_046_jpg.rf.31a4e8770ae6889f1eb076f98f6c43e6.jpg,moderate
../datasets/severity_acc\severe\images_109--2-_jpg.rf.41bc50050e03738528478e200877eab1.jpg,severe
../datasets/severity_acc\no_acc\37_jpg.rf.9717f8fbef35c111475057afca6d8856.jpg,no_acc
../datasets/severity_acc\no_acc\00093_jpg.rf.3bf4781a80e6ed0c1285f09fe0231c69.jpg,no_acc
../datasets/severity_acc\moderate\images_048--2-_jpg.rf.c3edfe038a40bcaa41413f5172fc31ac.jpg,moderate
../datasets/severity_acc\no_acc\76_jpg.rf.561c3e317ac63189f943b2b29adc434a.jpg,no_acc
../datasets/severity_acc\no_acc\00037_jpg.rf.7b8b76d70295c2eaa4a911037be1b63e.jpg,no_acc
../datasets/severity_acc\no_acc\00135_jpg.rf.6961f16c0414f3bb08274e874ac2f63c.jpg,no_acc
../datasets/severity_acc\severe\images_253_jpg.rf.d080f453d494571fa7c11f73a16d03e0.jpg,severe
../datasets/severity_acc\no_acc\00078_jpg.rf.d3b29ae2c64b0b401e83694fca1240bb.jpg,no_acc
../datasets/severity_acc\moderate\images_097_jpg.rf.0a566886c7af0a2e1953cf09e032b3b5.jpg,moderate
../datasets/severity_acc\no_acc\58_jpg.rf.afaf091a6dc247c6c807e98e34701def.jpg,no_acc
../datasets/severity_acc\no_acc\62_jpg.rf.15dfae1106495dea942c127461a2089d.jpg,no_acc
../datasets/severity_acc\no_acc\00002_jpg.rf.27d305f0546453eeb0f9f62482d1dcd0.jpg,no_acc
../datasets/severity_acc\no_acc\00096_jpg.rf.05327fc1c24a5ac1c67d627c0e725e21.jpg,no_acc
../datasets/severity_acc\no_acc\00105_jpg.rf.1032f30cf5c48ec9c0c9dca1f9cd9943.jpg,no_acc
../datasets/severity_acc\moderate\images_036_jpg.rf.941008d6808056b1476e80f3e1d64882.jpg,moderate
../datasets/severity_acc\severe\sever3_jpg.rf.fa41c43bc50da9a798c71a67c5eaf00e.jpg,severe
../datasets/severity_acc\severe\FLIP_CAR_V111_jpg.rf.2077b7a0e956fcf18c768bcdc3ad3ebd.jpg,severe
../datasets/severity_acc\no_acc\00197_jpg.rf.96ae95d27ef3150b5516ac9165608e3c.jpg,no_acc
../datasets/severity_acc\no_acc\00067_jpg.rf.0c73dedada86585c020e2724573ec47a.jpg,no_acc
../datasets/severity_acc\no_acc\130_jpg.rf.ca7d5d894ac18ef5e9e16a0b9a6eccb2.jpg,no_acc
../datasets/severity_acc\no_acc\74_jpg.rf.fc1418fa28a8fc6caf9ecbb5e5d96aaf.jpg,no_acc
../datasets/severity_acc\severe\severity_V142_jpg.rf.e1e35498763b95f1c59abe0abf4fac3f.jpg,severe
../datasets/severity_acc\severe\images_431_jpg.rf.c18822a2c15f6d2f1740fa4e848eb919.jpg,severe
../datasets/severity_acc\severe\images_269--2-_jpg.rf.cf0b5bd3e352742758bbec4a50968fdd.jpg,severe
../datasets/severity_acc\no_acc\49_jpg.rf.8ca92a2257d0df3e0f08ea4996cd6f40.jpg,no_acc
../datasets/severity_acc\severe\images_089--3-_jpg.rf.83bb862e1b767d645a16f485e2726884.jpg,severe
../datasets/severity_acc\no_acc\7_jpg.rf.9f97f5cc865f6d07acc668f0c1c8b32e.jpg,no_acc
../datasets/severity_acc\severe\images_081--2-_jpg.rf.b00538ad2faaecfda0ea05d96409fc5d.jpg,severe
../datasets/severity_acc\no_acc\177_jpg.rf.e0e33b8b607dad6e146f364fe3bcab8a.jpg,no_acc
../datasets/severity_acc\no_acc\196_jpg.rf.bb72cc4d2b8772fe04d87054076226dd.jpg,no_acc
../datasets/severity_acc\fire\images_318_jpg.rf.abb158255e370121ae94bc0d514fc3cf.jpg,fire
../datasets/severity_acc\moderate\images_057--3-_jpg.rf.6194bd5e23e910f5bcab4c496df6e7f2.jpg,moderate
../datasets/severity_acc\minor\WhatsApp-Image-2022-02-17-at-10-45-16_jpeg.rf.a87857b74b6f5480b2159227094624d7.jpg,minor
../datasets/severity_acc\no_acc\148_jpg.rf.df876e2ed43b59f20b6175b04414b91d.jpg,no_acc
../datasets/severity_acc\fire\images_175--2-_jpg.rf.6da9e0ec2694ece02ffb6b9f3c39ffc2.jpg,fire
../datasets/severity_acc\no_acc\162_jpg.rf.545423100efa89b4018d5ad2ee101c9e.jpg,no_acc
../datasets/severity_acc\minor\WhatsApp-Image-2022-02-17-at-10-45-22_jpeg.rf.0cfb3304fd655237f0e07b9347bef6fa.jpg,minor
../datasets/severity_acc\no_acc\92_jpg.rf.a6debd5be2a0019fee228eb39bd7dfac.jpg,no_acc
../datasets/severity_acc\severe\images_096_jpg.rf.22ce0d600e44f08639cbe07777a3ddff.jpg,severe
../datasets/severity_acc\severe\images_081--3-_jpg.rf.33401c3d6502cfc29288168b2fe7ce73.jpg,severe
../datasets/severity_acc\severe\images_jpg.rf.680961c771afb3f8d73444f0e36d56e9.jpg,severe
../datasets/severity_acc\fire\images_670_jpg.rf.2b0bae0982afeb839a089c19ca673c36.jpg,fire
../datasets/severity_acc\no_acc\183_jpg.rf.b4fd8036a8911004286a8d8729f7c1b7.jpg,no_acc
../datasets/severity_acc\moderate\images_055_jpg.rf.b74c66ab9507648113fc1e0210eaaf90.jpg,moderate
../datasets/severity_acc\no_acc\193_jpg.rf.6fa25d34337c0c59c8bd8626d7b8e627.jpg,no_acc
../datasets/severity_acc\no_acc\00185_jpg.rf.17d5f4bb685cd31429baa0771f3209c4.jpg,no_acc
../datasets/severity_acc\no_acc\174_jpg.rf.65b3e47a6eb2c928befbf561bb86f230.jpg,no_acc
../datasets/severity_acc\severe\images_212_jpg.rf.f9893919f9d673eab85c6f36cf5c447d.jpg,severe
../datasets/severity_acc\moderate\images_022--2-_jpg.rf.12c5a7935bdfcff3954bb946213d9a7e.jpg,moderate
../datasets/severity_acc\no_acc\00117_jpg.rf.f915d8a2a4ebbfd3893b9e8f7ec0863d.jpg,no_acc
../datasets/severity_acc\no_acc\00122_jpg.rf.af9e345e8f4f76a996d82ff8e15d073f.jpg,no_acc
../datasets/severity_acc\severe\images_082--3-_jpg.rf.c1bee5508eb6f83a20bb2b64bc1c6281.jpg,severe
../datasets/severity_acc\moderate\images_029--2-_jpg.rf.b2345e5d26da73e08e26be5234736b3a.jpg,moderate
../datasets/severity_acc\fire\images_147_jpg.rf.b5d52cb93a6ada1fd818290202f01144.jpg,fire
../datasets/severity_acc\no_acc\77_jpg.rf.576f2dc8e2878b4b44a7cc67889f5b44.jpg,no_acc
../datasets/severity_acc\severe\images_243_jpg.rf.bd3f400845d68fab16b547197f2e2285.jpg,severe
../datasets/severity_acc\no_acc\41_jpg.rf.793db7a04df81a7b6d7ac11cb4de84d5.jpg,no_acc
../datasets/severity_acc\no_acc\168_jpg.rf.760f7f0ba586190a0995e8a98fb450b0.jpg,no_acc
../datasets/severity_acc\severe\images_075--2-_jpg.rf.3eacdde51675d941f4a9db0aaba825c2.jpg,severe
../datasets/severity_acc\fire\images_696--2-_jpg.rf.f0b39d0254d70be9274302c344d4856d.jpg,fire
../datasets/severity_acc\no_acc\192_jpg.rf.ced514f9568f7e7ed5ae2d3708a04bf8.jpg,no_acc
../datasets/severity_acc\no_acc\00131_jpg.rf.3062684129ceffc9c9898c367594ef9d.jpg,no_acc
../datasets/severity_acc\no_acc\128_jpg.rf.2edbd882587b6356c9278764d3dac3d8.jpg,no_acc
../datasets/severity_acc\fire\images_183--2-_jpg.rf.600b9091de8dd0e96c84185fbd605c84.jpg,fire
../datasets/severity_acc\fire\images_170--2-_jpg.rf.878ae49d006d7f1b966f6dd9bc3d5e5a.jpg,fire
../datasets/severity_acc\moderate\images_011_jpg.rf.053bb0b5d209d73feaef81453ea635f6.jpg,moderate
../datasets/severity_acc\minor\WhatsApp-Image-2022-02-17-at-10-44-29--1-_jpeg.rf.c9cde6d82241eceb5d10b1f477b4f521.jpg,minor
../datasets/severity_acc\fire\images_165--3-_jpg.rf.6873ec2c86fe7ffb7822e8fb26010147.jpg,fire
../datasets/severity_acc\severe\images_214--2-_jpg.rf.e80becabd1cb31b34696f4e9f5b025be.jpg,severe
../datasets/severity_acc\moderate\images_044_jpg.rf.fa9f1f6bc70e7277d90c58b64b8fd756.jpg,moderate
../datasets/severity_acc\no_acc\116_jpg.rf.46a006ab629ec1c8328636f2a2aa5a1a.jpg,no_acc
../datasets/severity_acc\no_acc\00099_jpg.rf.48fb2da6a441342d00d61ba390fcacc5.jpg,no_acc
../datasets/severity_acc\no_acc\00008_jpg.rf.d4a8c1924c5453eff2cebebbceffc56c.jpg,no_acc
../datasets/severity_acc\no_acc\00143_jpg.rf.bf3b0aa3e8ebea87fc64b09037416197.jpg,no_acc
../datasets/severity_acc\severe\images_033--2-_jpg.rf.b0b6d10c734666720992b70cf1a82c73.jpg,severe
../datasets/severity_acc\no_acc\00116_jpg.rf.944429b67a027132b3eafa90d46b8273.jpg,no_acc
../datasets/severity_acc\no_acc\258_jpg.rf.e33956035a13b6d8d559353d1b84e6c6.jpg,no_acc
../datasets/severity_acc\no_acc\124_jpg.rf.89b14c0bfb23fe88726f9cc26ae941f0.jpg,no_acc
../datasets/severity_acc\minor\WhatsApp-Image-2022-02-17-at-10-44-43--1-_jpeg.rf.84d4356ea03fb450eb824bd150d05e76.jpg,minor
../datasets/severity_acc\fire\images_198_jpg.rf.54d7d647ece4b9b196705b1d73fad4bf.jpg,fire
../datasets/severity_acc\no_acc\00196_jpg.rf.7bfff9b5a0169f5b375693f045d2801a.jpg,no_acc
../datasets/severity_acc\no_acc\84_jpg.rf.ad1b45cbf3748c06cad90f69ae21d7b0.jpg,no_acc
../datasets/severity_acc\minor\WhatsApp-Image-2022-02-17-at-10-44-23--1-_jpeg.rf.5253b8ad411b2f0f8efe4fa9a139319d.jpg,minor
../datasets/severity_acc\severe\severityV4_81_jpg.rf.ed520bfab00314c70a63f077334fbf9c.jpg,severe
../datasets/severity_acc\no_acc\144_jpg.rf.23e8187d84d490ce5b8837ecfa163852.jpg,no_acc
../datasets/severity_acc\fire\images_201_jpg.rf.7e96f7956cdb4dc0edee523fd72d02d9.jpg,fire
../datasets/severity_acc\fire\images_156--2-_jpg.rf.d5afdbec2c2dfc08156a72c8a64b1483.jpg,fire
../datasets/severity_acc\minor\WhatsApp-Image-2022-02-17-at-10-45-14--1-_jpeg.rf.c4b7207e26bcc99e6278d08a47324128.jpg,minor
../datasets/severity_acc\fire\images_178_jpg.rf.b2d8ee8d7bbab30dfc816357ff057072.jpg,fire
../datasets/severity_acc\no_acc\119_jpg.rf.8fc34f0f77f8873e7cebd4587bc3e814.jpg,no_acc
../datasets/severity_acc\no_acc\00100_jpg.rf.cd42565220436ebeb6c8d55dbd0a4143.jpg,no_acc
../datasets/severity_acc\moderate\accidentFrame2752_jpg.rf.8d5c4a7a187a3aa7799abd615a9104ff.jpg,moderate
../datasets/severity_acc\moderate\images_028--3-_jpg.rf.eeaf4d1c7cb8b97cab93105d930fb449.jpg,moderate
../datasets/severity_acc\fire\images_189--4-_jpg.rf.1aa7ce7a47a4814084e1113643db1529.jpg,fire
../datasets/severity_acc\no_acc\00057_jpg.rf.e7bdc32ef58644eea9aadead4f4068e5.jpg,no_acc
../datasets/severity_acc\severe\images_216_jpg.rf.e30059322ab4f4bd2cb4810d7d32e8b3.jpg,severe
../datasets/severity_acc\no_acc\00015_jpg.rf.29f7b75265718e49da66546072091469.jpg,no_acc
../datasets/severity_acc\severe\images_103--2-_jpg.rf.322b0d8a9f339a9417da5f5c452b6cdd.jpg,severe
../datasets/severity_acc\moderate\images_064_jpg.rf.2308e15f7ebaad71b89dabd178ce9635.jpg,moderate
../datasets/severity_acc\no_acc\00186_jpg.rf.dd4e90badad973653560eb825d6af529.jpg,no_acc
../datasets/severity_acc\no_acc\00180_jpg.rf.ae090afd2c96717a4f0c780c03e8eeb0.jpg,no_acc
../datasets/severity_acc\severe\traffic_img2122_jpg.rf.18f1a8f7c5e3afabfe6dbdb2e7518003.jpg,severe
../datasets/severity_acc\moderate\images_533_jpg.rf.46756e4aa8f00ca02b91aba1a13e6534.jpg,moderate
../datasets/severity_acc\moderate\images_012_jpg.rf.68e7632376ff267b3b5b21335118fb8d.jpg,moderate
../datasets/severity_acc\minor\WhatsApp-Image-2022-02-17-at-10-45-17_jpeg.rf.c3c609ac9a8812469390438c876d34ec.jpg,minor
../datasets/severity_acc\no_acc\176_jpg.rf.ce88c95d27ba8e40db808de31869c84c.jpg,no_acc
../datasets/severity_acc\severe\images_260--2-_jpg.rf.7c1d1fcdbe119e1f60c1134dea666f2a.jpg,severe
../datasets/severity_acc\no_acc\00126_jpg.rf.88bf61029d855a0c899067cee5717b2a.jpg,no_acc
../datasets/severity_acc\severe\images_104_jpg.rf.4d13c7fcaf0aee93dcfb23d31e6612aa.jpg,severe
../datasets/severity_acc\no_acc\100_jpg.rf.b8dc0106d8d502ba75382cdd4983f31c.jpg,no_acc
../datasets/severity_acc\minor\download_jpg.rf.5430d94ff272e658de89bbf526e0b334.jpg,minor
../datasets/severity_acc\no_acc\185_jpg.rf.3c6168e5ede29dabf88331f8bb9d33da.jpg,no_acc
../datasets/severity_acc\no_acc\00113_jpg.rf.3f651dbd3e4c37d788f6f227c7b48d72.jpg,no_acc
../datasets/severity_acc\fire\images_143--2-_jpg.rf.19664101c2e3c56abe2609d513814e03.jpg,fire
../datasets/severity_acc\severe\images_641--3-_jpg.rf.45bf43564abfe24ce87726a08dc0376d.jpg,severe
../datasets/severity_acc\no_acc\181_jpg.rf.e7ffb71db129c21091831ad553466fa8.jpg,no_acc
../datasets/severity_acc\fire\images_281_jpg.rf.6c15c230ad9d4a6f3a094e4dd89c9710.jpg,fire
../datasets/severity_acc\moderate\images_020_jpg.rf.11420fbf137d3cb78cbcd2cbc452180a.jpg,moderate
../datasets/severity_acc\fire\images_173--2-_jpg.rf.5ab643828557e20b1e80318e5328ac77.jpg,fire
../datasets/severity_acc\no_acc\133_jpg.rf.edc8965e21beaa2cffac0eb715a17696.jpg,no_acc
../datasets/severity_acc\no_acc\00152_jpg.rf.fa72ed9bca0a5675c5f87ccbdc0bc216.jpg,no_acc
../datasets/severity_acc\no_acc\00179_jpg.rf.ca356ddd06a2e685bc73b78af196adf7.jpg,no_acc
../datasets/severity_acc\no_acc\00086_jpg.rf.3dc51a59ec640d4b764dafcc5c8b8ba5.jpg,no_acc
../datasets/severity_acc\fire\images_427--2-_jpg.rf.13e9519d8840be78293d517d7bdd3d42.jpg,fire
../datasets/severity_acc\no_acc\00059_jpg.rf.ba8462c3c68fc4fa8c66c79ffd6e99ed.jpg,no_acc
../datasets/severity_acc\no_acc\184_jpg.rf.8ef2bccd266e6c781ab8726913369885.jpg,no_acc
../datasets/severity_acc\no_acc\00065_jpg.rf.e22cb47ea01cfd846e24ddd572110d1c.jpg,no_acc
../datasets/severity_acc\moderate\images_057--2-_jpg.rf.d95d8a0ecbcf7658f7a24eeacc878cf7.jpg,moderate
../datasets/severity_acc\fire\images_155--4-_jpg.rf.5a08d905430bd938804627b8811963e7.jpg,fire
../datasets/severity_acc\no_acc\00035_jpg.rf.870a7cc9056f13d75bfba36922761b3c.jpg,no_acc
../datasets/severity_acc\no_acc\30_jpg.rf.0d74a35dff07c47c16f0fe33a72a222b.jpg,no_acc
../datasets/severity_acc\no_acc\00109_jpg.rf.c05ee4fdd847b939afc142901bc8b869.jpg,no_acc
../datasets/severity_acc\moderate\images_583--2-_jpg.rf.d411e15aaff7e6cad3013801acbade24.jpg,moderate
../datasets/severity_acc\minor\WhatsApp-Image-2022-02-17-at-10-45-20--1-_jpeg.rf.8b9c63c885b6b392f6e887822693b38c.jpg,minor
../datasets/severity_acc\severe\traffic_img16_jpg.rf.6b573144aa43e67e248f5ab8410d931b.jpg,severe
../datasets/severity_acc\no_acc\83_jpg.rf.3febe2bb0dcfcb2b6c7840c9f046d21d.jpg,no_acc
../datasets/severity_acc\no_acc\10_jpg.rf.9719e2db5516d3f7d884f15863740933.jpg,no_acc
../datasets/severity_acc\severe\Severity_Detect_V27_jpg.rf.770d951bf3d444ed36e24a3c19c03284.jpg,severe
../datasets/severity_acc\no_acc\12_jpg.rf.4b7c24d32c5655ac34a1328425b7d913.jpg,no_acc
../datasets/severity_acc\moderate\images_057_jpg.rf.8a52b2ea2d0ca68f05b229d977181d48.jpg,moderate
../datasets/severity_acc\no_acc\186_jpg.rf.2da559952578832c6e7bd0b421727ae7.jpg,no_acc
../datasets/severity_acc\no_acc\182_jpg.rf.d72a6f438c8f7f4c3e23472fc3cb4174.jpg,no_acc
../datasets/severity_acc\severe\images_079_jpg.rf.ba83fb70e2193bba12525f87d7b31995.jpg,severe
../datasets/severity_acc\moderate\accidentFrame2997_jpg.rf.1b142293c46a5674962f3da93d5dcb74.jpg,moderate
../datasets/severity_acc\severe\images_099_jpg.rf.d9e683798f6ee6d00c765103855fda2e.jpg,severe
../datasets/severity_acc\no_acc\00200_jpg.rf.708e6fa24b66c3c93f84261b3071b73d.jpg,no_acc
../datasets/severity_acc\severe\images_072_jpg.rf.ef18064fbe028f41f030eb49315ac692.jpg,severe
../datasets/severity_acc\no_acc\135_jpg.rf.ac7af413d2a7bca4e97117b28f2436d9.jpg,no_acc
../datasets/severity_acc\fire\images_192--2-_jpg.rf.4d40d348323be6e3b9deccd9fa980770.jpg,fire
../datasets/severity_acc\no_acc\00199_jpg.rf.eb3d9cc535d951bf5b4df5cad4734ae7.jpg,no_acc
../datasets/severity_acc\no_acc\180_jpg.rf.22de3048f49b801973460fd83622713c.jpg,no_acc
../datasets/severity_acc\severe\images_386--2-_jpg.rf.1983b153a9ec8b4d8b67e33117e4ed7d.jpg,severe
../datasets/severity_acc\moderate\images_065--2-_jpg.rf.89cd173454f910153a95795d1da32cd3.jpg,moderate
../datasets/severity_acc\fire\images_160--2-_jpg.rf.32c34eee4bfc0fd63cae44cc28d23c54.jpg,fire
../datasets/severity_acc\no_acc\00033_jpg.rf.8685c940240aaa5ee1f36de0a99ae81b.jpg,no_acc
../datasets/severity_acc\no_acc\00184_jpg.rf.6fc38f20c1efbbf4cccaef3474ee7e17.jpg,no_acc
../datasets/severity_acc\minor\WhatsApp-Image-2022-02-17-at-10-45-17--1-_jpeg.rf.ef397d459ea2c5b6805d28fb2a27851d.jpg,minor
../datasets/severity_acc\moderate\images_645--2-_jpg.rf.ae9c934e3dfcef1e279f383b45215d48.jpg,moderate
../datasets/severity_acc\moderate\images--10-_jpg.rf.cfad36618186c35fe49d69d26e447783.jpg,moderate
../datasets/severity_acc\no_acc\00106_jpg.rf.631de60f9ceac6334085e346b393b305.jpg,no_acc
../datasets/severity_acc\no_acc\00138_jpg.rf.4b20baebfbb8bbcb2fa7fa9077905bff.jpg,no_acc
../datasets/severity_acc\no_acc\118_jpg.rf.d4ee8835a93a342d63adaba788453c02.jpg,no_acc
../datasets/severity_acc\no_acc\00063_jpg.rf.e9ef3b2aee8289a9f7bb6b68f0b3420a.jpg,no_acc
../datasets/severity_acc\severe\sev10_jpg.rf.ad91f844287252d6b4c319fe7f2a9df9.jpg,severe
../datasets/severity_acc\no_acc\00028_jpg.rf.b26b8ef84059f38a3f967e12ce4d7a99.jpg,no_acc
../datasets/severity_acc\severe\accidentFrame1191_jpg.rf.a0b6e38968eeb1d342a43abf1e5bd363.jpg,severe
../datasets/severity_acc\minor\WhatsApp-Image-2022-02-17-at-10-44-23_jpeg.rf.15929c0d0cd5c72d0d525fe79e9e0dbe.jpg,minor
../datasets/severity_acc\severe\B398337C-A51B-4978-AD2D-1D4C577226D7-e1648925924652_jpg.rf.a80c2059a8029a4f285231ba396f3067.jpg,severe
../datasets/severity_acc\fire\images_704_jpg.rf.bd80933193d69da98838699711aa2706.jpg,fire
../datasets/severity_acc\no_acc\00092_jpg.rf.3b13320d1dc421fda646e4edfdc4a599.jpg,no_acc
../datasets/severity_acc\fire\images_321--3-_jpg.rf.3c767d7571a57039783de7b903627a04.jpg,fire
../datasets/severity_acc\no_acc\00183_jpg.rf.1199b464811c591d0db5cff653ce835e.jpg,no_acc
../datasets/severity_acc\no_acc\00050_jpg.rf.8c8cba29af77f311ef791dfc628c3800.jpg,no_acc
../datasets/severity_acc\moderate\images_026_jpg.rf.76e7bb0863c0bd7cba9fd7377b0e5108.jpg,moderate
../datasets/severity_acc\no_acc\00191_jpg.rf.f7d160c29743ff383e3be54bbf993bc0.jpg,no_acc
../datasets/severity_acc\minor\images_595--2-_jpg.rf.54dd4862023d67599605889832bb15b9.jpg,minor
../datasets/severity_acc\no_acc\43_jpg.rf.e1926d9ff97da5babf7e363ff767d41b.jpg,no_acc
../datasets/severity_acc\fire\images_159_jpg.rf.4f46b714205eb3a536c4182a26e41fb1.jpg,fire
../datasets/severity_acc\severe\images_101--2-_jpg.rf.fb3b40bc0c69cc153bc78ccec9440071.jpg,severe
../datasets/severity_acc\fire\images_233--4-_jpg.rf.d6076d15e4d76ffa0831fe3d80741726.jpg,fire
../datasets/severity_acc\minor\images--1-_jpg.rf.228a6db1c57f5697ac262c5284c838f6.jpg,minor
../datasets/severity_acc\moderate\images_551--2-_jpg.rf.d9c8f723232aab4bced0f301e1be36bb.jpg,moderate
../datasets/severity_acc\no_acc\00160_jpg.rf.ede6bccd09898e6d2c3b3654146731e1.jpg,no_acc
../datasets/severity_acc\minor\download--1-_jpg.rf.5ab195635c4c1b82098105deaf0fd04b.jpg,minor
